NUM_FEATURES,NUM_PARAMS,Loss,FinalTestLossAvg,TrainAcc,TestAcc,TestF1,TestPrecision,TestRecall,CohenKappa,MatthewsCorr,TrainTimeSec
7,7,0.09813996766294752,0.11286855297429221,88.03571428571428,86.42857142857143,86.31053471257269,87.72986683576411,86.42857142857143,0.7285714285714286,0.7414702014287887,215.0321750640869
