NUM_FEATURES,NUM_PARAMS,Loss,FinalTestLossAvg,TrainAcc,TestAcc,TestF1,TestPrecision,TestRecall,CohenKappa,MatthewsCorr,TrainTimeSec
8,8,0.10071562379598617,0.11522582343646458,87.5,85.71428571428571,85.56998556998556,87.20238095238095,85.71428571428572,0.7142857142857143,0.7290148043997554,216.18500304222107
