NUM_FEATURES,NUM_PARAMS,Loss,FinalTestLossAvg,TrainAcc,TestAcc,TestF1,TestPrecision,TestRecall,CohenKappa,MatthewsCorr,TrainTimeSec
6,8,0.09686146293367659,0.11134193539619446,88.21428571428571,87.14285714285714,87.04769736842105,88.26745164003364,87.14285714285714,0.7428571428571429,0.754019227735464,212.70016407966614
