NUM_FEATURES,NUM_PARAMS,Loss,FinalTestLossAvg,TrainAcc,TestAcc,TestF1,TestPrecision,TestRecall,CohenKappa,MatthewsCorr,TrainTimeSec
6,6,0.09791534606899534,0.11217236114399774,88.39285714285714,87.14285714285714,87.04769736842105,88.26745164003364,87.14285714285714,0.7428571428571429,0.754019227735464,216.5058879852295
