NUM_FEATURES,NUM_PARAMS,Loss,FinalTestLossAvg,TrainAcc,TestAcc,TestF1,TestPrecision,TestRecall,CohenKappa,MatthewsCorr,TrainTimeSec
4,6,0.09696658221738678,0.11570521678243365,88.03571428571428,85.71428571428571,85.56998556998556,87.20238095238095,85.71428571428572,0.7142857142857143,0.7290148043997554,219.76498985290527
