NUM_FEATURES,NUM_PARAMS,Loss,FinalTestLossAvg,TrainAcc,TestAcc,TestF1,TestPrecision,TestRecall,CohenKappa,MatthewsCorr,TrainTimeSec
7,6,0.09835565664938518,0.11250738075801305,88.03571428571428,85.71428571428571,85.56998556998556,87.20238095238095,85.71428571428572,0.7142857142857143,0.7290148043997554,214.9767439365387
