n_params,Best_Loss,Best_Trial
4,0.0090025747194886,3480
5,0.0087609235197305,1655
6,0.0068497499451041,1097
7,0.0048364177346229,3179
8,0.0048632393591105,1196
