n_params,Best_Loss,Best_Trial
4,0.0062485877424478,3415
5,0.0037090892437845,3473
6,0.0028475285507738,3749
7,0.0019951574504375,187
8,0.0018848904874175,3657
