n_params,Best_Loss,Best_Trial
4,0.0180178266018629,3925
5,0.0117424139752984,3195
6,0.0111759956926107,1251
7,0.0057935672812163,157
8,0.0053475657477974,1046
