n_params,Best_Loss,Best_Trial
4,0.0235553123056888,1825
5,0.0140209747478365,2938
6,0.0092563815414905,1373
7,0.0099282748997211,3029
8,0.0089337537065148,1206
