n_params,Best_Loss,Best_Trial
4,0.009817074984312,2406
5,0.0047954465262591,1138
6,0.0028763844165951,479
7,0.0039779627695679,2548
8,0.003284462261945,404
