NUM_FEATURES,NUM_PARAMS,Loss,TrainAcc,TestAcc,TestF1,TestPrecision,TestRecall,CohenKappa,MatthewsCorr,InitWeights,TrainingTime
7,5,0.036238107830286026,95.1048951048951,92.5925925925926,92.23513705686881,93.41463414634147,92.38095238095238,0.8886884823499098,0.8942453549564282,"[[-0.30147784948349, 0.43226200342178345, 1.2158393859863281, 0.1549036055803299, -0.01475123967975378], [0.14337114989757538, -0.023683005943894386, 0.24874459207057953, 0.20665574073791504, 0.020933961495757103], [-0.18668067455291748, 0.4720345139503479, 0.6929377317428589, -0.1313859075307846, 0.2163529396057129], [0.6474599838256836, -0.42882880568504333, 0.635989248752594, -0.14608070254325867, -0.1526995599269867], [-0.7844165563583374, 1.0505636930465698, -0.4646914303302765, 0.9653035402297974, 0.2479829490184784], [1.2649115324020386, 0.44005969166755676, -1.2125468254089355, -1.3824602365493774, -0.14793306589126587]]",5.290961027145386
