NUM_FEATURES,NUM_PARAMS,FinalTrainLossAvg,FinalTestLossAvg,TrainAcc,TestAcc,TestF1,TestPrecision,TestRecall,CohenKappa,MatthewsCorr,TrainTimeSec
4,8,0.0077780373047142875,0.012371165703775154,100.0,99.07407407407408,99.07389542735868,99.07407407407408,99.09909909909909,0.9861111111111112,0.9862379502795708,7.689190149307251
