NUM_FEATURES,NUM_PARAMS,Loss,FinalTestLossAvg,TrainAcc,TestAcc,TestF1,TestPrecision,TestRecall,CohenKappa,MatthewsCorr,TrainTimeSec
7,6,0.029503014553850945,0.028234334764155475,98.62385321100918,99.0909090909091,99.08675799086758,99.09909909909909,99.09909909909909,0.9863641998264534,0.9864864864864865,59.433183908462524
