NUM_FEATURES,NUM_PARAMS,Loss,FinalTestLossAvg,TrainAcc,TestAcc,TestF1,TestPrecision,TestRecall,CohenKappa,MatthewsCorr,TrainTimeSec
8,7,0.04309743201924027,0.051109102910215205,98.85321100917432,99.0909090909091,99.09893455098936,99.12280701754386,99.09909909909909,0.9863625092982892,0.9864848184945306,60.82233905792236
