NUM_FEATURES,NUM_PARAMS,Loss,FinalTestLossAvg,TrainAcc,TestAcc,TestF1,TestPrecision,TestRecall,CohenKappa,MatthewsCorr,TrainTimeSec
7,8,0.022136419755193072,0.02565698434006084,99.08256880733946,99.0909090909091,99.08675799086758,99.09909909909909,99.09909909909909,0.9863641998264534,0.9864864864864865,59.38218712806702
