NUM_FEATURES,NUM_PARAMS,FinalTrainLossAvg,FinalTestLossAvg,TrainAcc,TestAcc,TestF1,TestPrecision,TestRecall,CohenKappa,MatthewsCorr,TrainTimeSec
4,6,0.015259879035549564,0.020087762071785552,100.0,99.07407407407408,99.07389542735868,99.07407407407408,99.09909909909909,0.9861111111111112,0.9862379502795708,7.655197381973267
