NUM_FEATURES,NUM_PARAMS,Loss,FinalTestLossAvg,TrainAcc,TestAcc,TestF1,TestPrecision,TestRecall,CohenKappa,MatthewsCorr,TrainTimeSec
8,5,0.10884777860982077,0.12131442385060447,87.14285714285714,85.0,84.8258064516129,86.68449197860963,85.00000000000001,0.7,0.716646975644588,76.38496685028076
