NUM_FEATURES,NUM_PARAMS,Loss,FinalTestLossAvg,TrainAcc,TestAcc,TestF1,TestPrecision,TestRecall,CohenKappa,MatthewsCorr,TrainTimeSec
8,8,0.1036788386957986,0.11896435235227858,87.67857142857143,85.71428571428571,85.56998556998556,87.20238095238095,85.71428571428572,0.7142857142857143,0.7290148043997554,77.00215601921082
