NUM_FEATURES,NUM_PARAMS,Loss,FinalTestLossAvg,TrainAcc,TestAcc,TestF1,TestPrecision,TestRecall,CohenKappa,MatthewsCorr,TrainTimeSec
4,6,0.09737152712685722,0.11476958010877882,88.03571428571428,86.42857142857143,86.31053471257269,87.72986683576411,86.42857142857143,0.7285714285714286,0.7414702014287887,75.72222590446472
