NUM_FEATURES,NUM_PARAMS,FinalTrainLossAvg,FinalTestLossAvg,TrainAcc,TestAcc,TestF1,TestPrecision,TestRecall,CohenKappa,MatthewsCorr,TrainTimeSec
7,8,0.020726443044754454,0.033067049665583506,100.0,99.07407407407408,99.07389542735868,99.07407407407408,99.09909909909909,0.9861111111111112,0.9862379502795708,10.910661697387695
