NUM_FEATURES,NUM_PARAMS,FinalTrainLossAvg,FinalTestLossAvg,TrainAcc,TestAcc,TestF1,TestPrecision,TestRecall,CohenKappa,MatthewsCorr,TrainTimeSec
7,5,0.030015501664790795,0.040756745608868425,99.3006993006993,99.07407407407408,99.07389542735868,99.07407407407408,99.09909909909909,0.9861111111111112,0.9862379502795708,10.537930011749268
