NUM_FEATURES,NUM_PARAMS,Loss,TrainAcc,TestAcc,TestF1,TestPrecision,TestRecall,CohenKappa,MatthewsCorr,InitWeights,TrainingTime
3,3,0.02902720533311367,97.5,93.33333333333333,93.33333333333333,93.33333333333333,93.33333333333333,0.9,0.9,"[[1.3203381299972534, 0.5021019577980042, 1.802736520767212], [1.680096983909607, -0.7763793468475342, -1.0770286321640015], [0.8028785586357117, -0.1880800724029541, 0.22936195135116577], [0.5847122669219971, -0.4947064518928528, 1.349655270576477], [0.308919221162796, -0.1284705549478531, -0.20490863919258118], [0.9932792782783508, 0.8727254271507263, 1.160101294517517]]",1.9833829402923584
