NUM_FEATURES,NUM_PARAMS,Loss,TrainAcc,TestAcc,TestF1,TestPrecision,TestRecall,CohenKappa,MatthewsCorr,InitWeights,TrainingTime
3,3,0.025193618300060432,97.5,93.33333333333333,93.26599326599326,94.44444444444446,93.33333333333333,0.9,0.9060606745389328,"[[-0.29634973406791687, -1.4679691791534424, -1.5411642789840698], [-0.8246963024139404, -0.8526613712310791, -0.5910298824310303], [-1.810519814491272, -1.505632758140564, 0.5970386862754822], [0.07918129861354828, 0.27563682198524475, 0.42129501700401306], [1.057936668395996, -1.9410799741744995, -1.3341395854949951], [-0.7664927244186401, -0.3449878394603729, -0.533700704574585]]",3.8852591514587402
