NUM_FEATURES,NUM_PARAMS,Loss,TrainAcc,TestAcc,TestF1,TestPrecision,TestRecall,CohenKappa,MatthewsCorr,InitWeights,TrainingTime
3,3,0.333522758881251,66.66666666666666,66.66666666666666,54.734537493158186,47.84688995215311,66.66666666666666,0.5,0.5990422978731538,"[[-0.17528551816940308, 0.5176776051521301, -0.7689486742019653], [0.1523474007844925, 0.6095517873764038, 0.5295436978340149], [-0.8004676699638367, 1.023073673248291, -0.2589173913002014], [-0.8521444201469421, -0.19854256510734558, -0.10284240543842316], [0.048095617443323135, 0.574333906173706, 0.38415229320526123], [0.36039191484451294, 0.8999330997467041, -0.4494383931159973]]",1.9520320892333984
