NUM_FEATURES,NUM_PARAMS,Loss,TrainAcc,TestAcc,TestF1,TestPrecision,TestRecall,CohenKappa,MatthewsCorr,InitWeights,TrainingTime
3,3,0.02488095536828041,96.66666666666667,96.66666666666667,96.65831244778613,96.96969696969697,96.66666666666667,0.95,0.9515873026942034,"[[-0.8519801497459412, 1.7512952089309692, -0.5271317362785339], [-1.9587889909744263, 0.5098903775215149, -0.41379234194755554], [-0.886620044708252, 0.5152938365936279, -0.2765617370605469], [0.4781319200992584, -0.4551018476486206, -0.9110774397850037], [1.0213735103607178, 0.4507216513156891, -1.9731987714767456], [-0.19140133261680603, -0.4570123851299286, 0.5152973532676697]]",2.099571943283081
