NUM_FEATURES,NUM_PARAMS,FinalTrainLossAvg,FinalTestLossAvg,TrainAcc,TestAcc,TestF1,TestPrecision,TestRecall,CohenKappa,MatthewsCorr,TrainTimeSec
4,7,0.010443330358166796,0.01727323521239062,100.0,99.07407407407408,99.08607198748044,99.12280701754386,99.07407407407408,0.986105750675415,0.9862326626082372,7.782160758972168
