NUM_FEATURES,NUM_PARAMS,FinalTrainLossAvg,FinalTestLossAvg,TrainAcc,TestAcc,TestF1,TestPrecision,TestRecall,CohenKappa,MatthewsCorr,TrainTimeSec
4,6,0.015279924592528587,0.020091037860968046,100.0,99.07407407407408,99.07389542735868,99.07407407407408,99.09909909909909,0.9861111111111112,0.9862379502795708,7.6657609939575195
