NUM_FEATURES,NUM_PARAMS,FinalTrainLossAvg,FinalTestLossAvg,TrainAcc,TestAcc,TestF1,TestPrecision,TestRecall,CohenKappa,MatthewsCorr,TrainTimeSec
5,6,0.02028130997397822,0.02935111170841588,100.0,99.07407407407408,99.08675799086758,99.09909909909909,99.09909909909909,0.9861093247588424,0.986236171854901,10.28281021118164
