NUM_FEATURES,NUM_PARAMS,Loss,FinalTestLossAvg,TrainAcc,TestAcc,TestF1,TestPrecision,TestRecall,CohenKappa,MatthewsCorr,TrainTimeSec
5,6,0.02955398860741669,0.06201717547244496,100.0,97.22222222222221,97.17813051146385,96.96969696969697,97.61904761904762,0.958139534883721,0.9592607977258563,22.8742778301239
