NUM_FEATURES,NUM_PARAMS,Loss,FinalTestLossAvg,TrainAcc,TestAcc,TestF1,TestPrecision,TestRecall,CohenKappa,MatthewsCorr,TrainTimeSec
5,7,0.028339638676441892,0.06315736410518487,99.29577464788733,97.22222222222221,97.17813051146385,96.96969696969697,97.61904761904762,0.958139534883721,0.9592607977258563,22.680225133895874
